Abbott Park, IL
Aberdeen Proving Ground, MD
Aberdeen, MD
Abilene, TX
Abingdon, VA
Absecon, NJ
Acworth, GA
Addison, IL
Addison, TX
Adelphi, MD
Advance, NC
Agoura Hills, CA
Aiea, HI
Akron, OH
Alachua, FL
Alameda, CA
Albuquerque, NM
Alexander, AR
Alexandria, LA
Alexandria, VA
Aliso Viejo, CA
Allen, TX
Allentown, PA
Alpharetta, GA
Alsip, IL
Altamonte Springs, FL
Ambler, PA
America, AL
American Fork, UT
Amersham, TN
Ames, IA
Amherst, MA
Anaheim, CA
Anchorage, AK
Anderson, IN
Anderson, SC
Andover, MA
Andover, MN
Andrews AFB, MD
Andrews Air Force Base, MD
Ann Arbor, MI
Annandale, VA
Annapolis Junction, MD
Annapolis, MD
Anoka, MN
Antioch, TN
Apopka, FL
Apple Valley, MN
Appleton, WI
Appletree Hill, PA
Arapahoe, CO
Arcadia, WI
Arcata, CA
Arden Hills, MN
Ardmore, OK
Arizona, LA
Arkansas City, AR
Arlington Heights, IL
Arlington, TX
Arlington, VA
Arnold A F B, TN
Arnold, MO
Arroyo Grande, CA
Arvada, CO
Ashaway, RI
Ashburn, VA
Asheboro, NC
Asheville, NC
Ashland, OR
Ashland, VA
Ashley, PA
Aston, PA
Astor, FL
Athens, GA
Athens, OH
Atlanta, GA
Atlantic City, NJ
Attica, IN
Attica, OH
Auburn Hills, MI
Auburn, AL
Auburn, ME
Audubon, PA
Augusta, GA
Augusta, KS
Augusta, ME
Aurora, CO
Aurora, IL
Austin, TN
Austin, TX
Ave Maria, FL
Avon, CT
Avondale, AZ
Bagley, IA
Bairdford, PA
Bakersfield, CA
Bala-Cynwyd, PA
Baldwin City, KS
Ballwin, MO
Baltimore, MD
Bangor, ME
Bannockburn, IL
Bar Harbor, ME
Barksdale AFB, LA
Bartlesville, OK
Barton, AR
Basking Ridge, AZ
Basking Ridge, NJ
Batavia, IL
Bath, ME
Baton Rouge, LA
Battle Creek, MI
Bay Saint Louis, MS
Bayside, NY
Bayside, WI
Baytown, TX
Beachwood, OH
Beatrice, NE
Beaufort, SC
Beavercreek, OH
Beaverton, OR
Bedford Heights, Cuyahoga, OH
Bedford, IN
Bedford, MA
Bedford, NH
Bedford, TX
Bedminster, NJ
Beech Island, SC
Bel Air, KY
Belcamp, MD
Belfast, ME
Belgique, MO
Belgium, WI
Belgrade, MN
Belgrade, MT
Bella Vista, AR
Belle Chasse, LA
Belleville, MI
Bells, TN
Belmont, CA
Beloit, WI
Beltsville, MD
Bemidji, MN
Bend, OR
Bensenville, IL
Benson, LA
Benton Harbor, MI
Bentonville, AR
Berkeley Heights, NJ
Berkeley, CA
Berkeley, MO
Berlin, CT
Berlin, Gentry, MO
Berlin, NH
Berne, IN
Berwyn, IL
Berwyn, PA
Bethel, CT
Bethesda, MD
Bethlehem, PA
Bettendorf, IA
Beverly, MA
Big Rapids, MI
Billerica, MA
Billings, MT
Birmingham, AL
Birmingham, MI
Blacklick, OH
Blacksburg, VA
Blaine, MN
Bloomfield Hills, MI
Bloomfield, CT
Bloomfield, MO
Bloomfield, NJ
Bloomington, IL
Bloomington, IN
Bloomington, MN
Blue Ash, OH
Blue Bell, PA
Bluffton, SC
Blythewood, SC
Boca Raton, FL
Boise, ID
Bolingbrook, IL
Bolivar, MO
Bonita Springs, FL
Boone, IA
Boone, NC
Bossier City, LA
Boston Heights, OH
Boston, MA
Boulder City, NV
Boulder, CO
Bow, NH
Bowie, MD
Bowling Green, KY
Bozeman, MT
Bradenton, FL
Bradley, IL
Brainerd, MN
Braintree, MA
Branchburg, NJ
Brandon, FL
Branford, CT
Branson, MO
Brea, CA
Breinigsville, PA
Brentwood, TN
Brewer, ME
Bridgeport, CT
Bridgeton, MO
Bridgewater, NJ
Brighton, CO
Brisbane, CA
Bristol, CT
Bristol, PA
Bristol, TN
Brockton, MA
Broken Arrow, OK
Bronx, NY
Brook Park, OH
Brookfield, WI
Brookhaven, DeKalb, GA
Brookings, SD
Brookline, MA
Brooklyn Park, MN
Brooklyn, NY
Brooklyn, OH
Brooks, KY
Brooksville, FL
Broomfield, CO
Brown Deer, WI
Brownsville, TX
Bruce, MS
Bryan, TX
Budapest, MO
Buffalo Grove, IL
Buffalo, MT
Buford, GA
Burbank, CA
Burley, ID
Burlingame, CA
Burlington, MA
Burlington, NC
Burlington, NJ
Burlington, VT
Burlington, WI
Burnsville, MN
Burr Ridge, IL
Butler, PA
Butterfield, MN
Cabazon, CA
Calabasas, CA
Caledonia, MI
Calhoun, GA
California, PA
Calverton, MD
Cambridge, ID
Cambridge, MA
Cambridge, MD
Camden, NJ
Camp H M Smith, HI
Camp Hill, PA
Camp Lejeune, NC
Camp Smith, HI
Camp Springs, MD
Campbell, CA
Canton, MA
Canton, MI
Canton, OH
Cantonment, FL
Cape Canaveral, FL
Cape Girardeau, MO
Carderock, MD
Carlinville, IL
Carlsbad, CA
Carmel, IN
Carol Stream, IL
Carolina Beach, NC
Carrabelle, FL
Carrollton, GA
Carrollton, TX
Carson City, NV
Cary, NC
Cashton, WI
Castle Dale, UT
Castle Rock, CO
Catonsville, MD
Cayce, SC
Cedar City, UT
Cedar Falls, IA
Cedar Knolls, NJ
Cedar Park, TX
Cedar Rapids, IA
Centennial, AZ
Centennial, CO
Center Valley, PA
Central Village, MA
Centre, AL
Centreville, AL
Centreville, VA
Cerritos, CA
Chamblee, GA
Champaign, IL
Chandler, AZ
Chanhassen, MN
Channahon, IL
Chantilly, VA
Chapel Hill, NC
Charles City, IA
Charleston AFB, SC
Charleston, SC
Charleston, WV
Charlestown, MA
Charlotte, NC
Charlotte, TN
Charlottesville, VA
Chaska, MN
Chatsworth, CA
Chattanooga, TN
Chelmsford, MA
Cherry Hill, NJ
Cherry Point, NC
Chesapeake, VA
Cheshire, CT
Chester, VT
Chesterbrook, PA
Chesterfield, MO
Chesterfield, SC
Chestertown, MD
Cheswick, PA
Chevy Chase, MD
Cheyenne, WY
Chicago Heights, IL
Chicago, IL
Chico, CA
Chillicothe, MO
Chilton, WI
Chino, CA
Chippewa Falls, WI
Christiana, DE
Chubbuck, ID
Cincinnati, OH
Clackamas, OR
Claremont, NH
Claremore, OK
Clark, NV
Clayton, MO
Clearfield, UT
Clearwater, FL
Clemson, SC
Clermont, FL
Cleveland, OH
Clinton, CT
Clinton, MA
Clinton, MI
Clinton, MS
Clinton, NJ
Clive, IA
Clyde, OH
Coal Valley, IL
Coburg, OR
Cockeysville, MD
Cockysvil, MD
Cocoa, FL
Coconut Creek, FL
Coconut Grove, FL
Coe, IN
Colchester, VT
Cold Spring, KY
Colebrook, NH
College Grove, TN
College Park, MD
College Station, TX
Collegedale, TN
Collegeville, PA
Collierville, TN
Colonial Heights, VA
Colorado Springs, CO
Columbia, MD
Columbia, MO
Columbia, SC
Columbia, TN
Columbus, GA
Columbus, IN
Columbus, OH
Commerce City, CO
Concord, CA
Concord, MA
Concord, NC
Concord, NH
Conshohocken, PA
Contact, MT
Contoocook, NH
Convent, LA
Conway, AR
Conway, NH
Conway, SC
Conyers, GA
Cookeville, TN
Coppell, TX
Coral Gables, FL
Coral Springs, FL
Coralville, IA
Coraopolis, PA
Cordova, TN
Cornelius, NC
Corvallis, OR
Costa Mesa, CA
Cottage Grove, MN
Counce, TN
Covina, CA
Covington, GA
Covington, KY
Covington, LA
Cranberry Twp, PA
Cranbury, NJ
Crane, IN
Cranford, NJ
Cranston, RI
Crawfordsville, IN
Crescent Springs, Kenton, KY
Creston, IA
Crestview Hills, KY
Crete, IL
Creve Coeur, MO
Cromwell, CT
Crookston, MN
Crown Point, IN
Crystal City, VA
Cudahy, WI
Culpeper, VA
Culver City, CA
Culver, IN
Cumberland, RI
Cupertino, CA
Curtis Bay, MD
Cypress, TX
DC Ranch, AZ
Dahlgren, VA
Dakota Dunes, SD
Daleville, IN
Dallas, FL
Dallas, TX
Dalton, GA
Danbury, CT
Dane, WI
Dania Beach, FL
Danvers, MA
Danville, KY
Danville, PA
Darien, CT
Davenport, IA
Davidson, NC
Davie, FL
Davis Monthan AFB, AZ
Davis, CA
Dayton, OH
Daytona Beach, FL
Dayville, CT
De Soto, KS
Dearborn, MI
Decatur, AL
Decatur, GA
Decatur, IL
Decatur, IN
Decherd, TN
Deerfield Beach, FL
Deerfield, IL
Defiance, OH
Delafield, WI
Delanco, NJ
Delano, CA
Delaware, OH
Delray Beach, FL
Denmark, SC
Dennison, OH
Denton, TX
Denver, CO
Derby, CT
Des Moines, IA
Des Plaines, IL
Destin, FL
Detroit, MI
Devens, MA
Dexter, IA
Dimondale, MI
Dixie, TN
Dodgeville, WI
Donegal, MS
Doral, FL
Dover, DE
Dover, NH
Dover, NJ
Downers Grove, IL
Downey, CA
Doylestown, PA
Draper, UT
Dresher, PA
Dublin, CA
Dublin, OH
Dubuque, IA
Dugway, UT
Dulles, VA
Duluth, GA
Duluth, MN
Duncan, SC
Dunellen, NJ
Dunwoody, GA
Dupont, DE
Duquesne, PA
Durham, NC
Durham, NH
Eagan, MN
Eagle, ID
Earth City, MO
East Bethel, MN
East Brunswick, NJ
East Chicago, IN
East Detroit, MI
East Hanover, NJ
East Hartford, CT
East Irvine, CA
East Lansing, MI
East Moline, IL
East Mount Carmel, IN
East Orange, NJ
East Rutherford, NJ
East Windsor, CT
East Windsor, NJ
Easton, PA
Eastwood, KY
Eau Claire, WI
Eden Prairie, MN
Edgerton, KS
Edgewood, MD
Edina, MN
Edinburgh, IN
Edison, KS
Edison, NJ
Edmond, OK
Edmundson, MO
Edwards AFB, CA
Effingham, IL
Effingham, SC
Egg Harbor City, NJ
Egg Harbor Township, NJ
Eglin AFB, FL
El Cajon, CA
El Dorado Hills, CA
El Dorado, AR
El Paso, TX
El Segundo, CA
Eldersburg, MD
Elizabeth City, NC
Elizabeth, NJ
Elk Grove Village, IL
Elkhart, IN
Elkridge, MD
Elkton, MD
Ellicott City, MD
Ellinwood, KS
Ellisville, MO
Ellsworth, ME
Elmwood Park, NJ
Emeryville, CA
Emporia, KS
Encinitas, CA
Encino, CA
Enfield, CT
Enfield, NC
Enfield, NH
Englewood Cliffs, NJ
Englewood, CO
Englewood, NJ
Enon, OH
Erlanger, KY
Espanola, NM
Estero, FL
Eugene, OR
Evanston, IL
Evansville, IN
Eveleigh, KY
Ewing, NJ
Exeter, NH
Exeter, RI
Exton, PA
Fair Haven, NJ
Fairborn, OH
Fairfax, VA
Fairfield, CA
Fairfield, CT
Fairfield, NJ
Fairfield, OH
Fall River, MA
Fallon, NV
Falls Church, VA
Falmouth, ME
Fargo, ND
Farmington Hills, MI
Farmington, CT
Farmington, MI
Farmington, NM
Farmington, UT
Farmville, VA
Fayette, IA
Fayetteville, AR
Fayetteville, NC
Feasterville Trevose, PA
Fenton, MO
Fernley, NV
Field, KY
Findlay, OH
Fishers, IN
Flagstaff, AZ
Fletcher, NC
Flint, MI
Florence, AL
Florence, KY
Florence, SC
Florham Park, NJ
Florida, Luna, NM
Florissant, MO
Flower Mound, TX
Folsom, CA
Fond du Lac, WI
Fontana, CA
Fontana, WI
Forest Grove, OR
Fort Belvoir, VA
Fort Benning, GA
Fort Bragg, NC
Fort Campbell, KY
Fort Carson, CO
Fort Collins, CO
Fort Detrick, MD
Fort Dodge, IA
Fort Eustis, VA
Fort George G Meade, MD
Fort Gordon, GA
Fort Huachuca, AZ
Fort Knox, KY
Fort Lauderdale, FL
Fort Leavenworth, KS
Fort Lee, NJ
Fort Meade, FL
Fort Meade, MD
Fort Mill, SC
Fort Mitchell, KY
Fort Myers, FL
Fort Polk, LA
Fort Riley, KS
Fort Rucker, AL
Fort Sam Houston, TX
Fort Scott, KS
Fort Smith, AR
Fort Walton Beach, FL
Fort Washington, MD
Fort Washington, PA
Fort Wayne, IN
Fort Worth, TX
Foster City, CA
Fountain Hills, AZ
Fountain Valley, CA
Framingham, MA
Francisco, IN
Frankenmuth, MI
Frankfort, KY
Franklin Lakes, NJ
Franklin, TN
Franklin, WI
Frederick, CO
Frederick, MD
Fredericksburg, VA
Freehold, NJ
Freemont, KY
Freeport, ME
Freeport, TX
Fremont, CA
Fresno, CA
Friant, CA
Fridley, MN
Frisco, TX
Fulton, MD
Fulton, MO
Gahanna, OH
Gainesville, FL
Gainesville, GA
Gaithersburg, MD
Galveston, TX
Gardner, KS
Gardnerville, NV
Garner, NC
Garrett, IN
Gastonia, NC
Geneva, IL
Genoa, NV
Georgetown, KY
Germantown, MD
Germantown, TN
Germantown, WI
Gilbert, AZ
Gilpin, Bent, CO
Glastonbury, CT
Glen Allen, VA
Glen Burnie, MD
Glen Raven, NC
Glendale, AZ
Glendale, CA
Glendale, WI
Glenlake, AR
Glennville, GA
Glenview, IL
Glyndon, MD
Gold River, CA
Golden Valley, MN
Golden, CO
Goldsboro, NC
Goleta, CA
Goodlettsville, TN
Goodyear, AZ
Goose Creek, SC
Goshen, IN
Grafton, WI
Grand Blanc, MI
Grand Island, NE
Grand Prairie, TX
Grand Rapids, MI
Grants Pass, OR
Granville Terrace, NC
Granville, OH
Grapevine, TX
Gray Summit, MO
Great Falls, MT
Great Pond, ME
Greeley, CO
Green Bay, WI
Greenbelt, MD
Greencastle, IN
Greendale, WI
Greenfield, IN
Greenfield, WI
Greensboro, NC
Greenville, NC
Greenville, SC
Greenville, WI
Greenwich, CT
Greenwood Village, Arapahoe, CO
Greenwood, IN
Greer, SC
Gresham, OR
Grimes, IA
Groton, CT
Groveport, OH
Guilford, CT
Gulf Breeze, FL
Gunpowder, MD
Gurnee, IL
Gwynedd, PA
Hackensack, NJ
Hackettstown, NJ
Hagerstown, MD
Hailey, ID
Halawa, HI
Hall Summit, LA
Hallandale, FL
Hamburg, Clark, IN
Hamburg, PA
Hamel, MN
Hamilton, MT
Hamilton, NJ
Hamilton, OH
Hammond, IN
Hampstead, NH
Hampton, CT
Hampton, VA
Hanahan, SC
Hancocks Bridge, NJ
Hannibal, OH
Hanover, MD
Hanover, NH
Hanscom AFB, MA
Harleysville, PA
Harrisburg, NC
Harrisburg, PA
Harrison, AR
Harrison, NY
Hartford, CT
Hartland, VT
Hartland, WI
Hasbrouck Heights, NJ
Hatfield, PA
Havre de Grace, MD
Hazard, KY
Hazelwood, MO
Headquarters, KY
Heber City, UT
Hebron, KY
Hebron, NH
Helena, MO
Helena, MT
Hempstead, TX
Henderson, KY
Henderson, NV
Hendersonville, NC
Hendersonville, TN
Herald Harbor, MD
Hereford, TX
Hermitage, TN
Herndon, VA
Hershey, PA
Hialeah, FL
Hiawatha, IA
Hickam AFB, HI
Hickory, NC
High Point, NC
Highland Heights, Campbell, KY
Highland, UT
Highlands Ranch, CO
Hightstown, NJ
Hill AFB, UT
Hill Air Force Base, UT
Hilliard, OH
Hillsboro, NH
Hillsboro, OR
Hilo, HI
Hilton Head Island, SC
Hinesburg, VT
Hingham, MA
Hinsdale, IL
Hobart, IN
Hoboken, NJ
Hohenwald, TN
Holladay, UT
Holland, MI
Hollis, NH
Hollywood, CA
Hollywood, FL
Holmdel, NJ
Holyoke, MA
Home, KS
Homestead AFB, FL
Honolulu, HI
Hooksett, NH
Hoover, AL
Hopkins, KS
Hopkins, MN
Hopkins, SC
Hopkinton, MA
Horsham, PA
Houma, LA
Houston, TX
Hudson, FL
Hudson, IA
Hudson, NH
Hudson, OH
Hunt Valley, MD
Huntington Beach, CA
Huntington, IN
Huntsville, AL
Hurlburt Field, FL
Hutchinson, KS
Huxley, IA
Hyattsville, MD
Idaho Falls, ID
Illinois City, IL
Independence, KY
Independence, OH
Indiana Harbor, IN
Indianapolis, IN
Inver Grove Heights, MN
Iola, KS
Ionia, MI
Iowa City, IA
Iowa, LA
Ipswich, MA
Ira, IA
Ireland, NH
Irvine, CA
Irving, SC
Irving, TX
Irwindale, CA
Iselin, NJ
Itasca, IL
Jackson, MI
Jackson, MS
Jackson, NC
Jackson, TN
Jackson, WY
Jacksonville, AR
Jacksonville, FL
Jacksonville, Morris, NJ
Jacksonville, NC
Janesville, WI
Jasper, IN
Jefferson City, MO
Jefferson City, TN
Jeffersontown, KY
Jeffersonville, IN
Jersey City, NJ
Jersey Village, Harris, TX
Jessup, MD
Johns Creek, GA
Johnson City, TN
Johnston, IA
Johnston, RI
Joliet, IL
Jonesboro, AR
Joplin, MO
Juneau, AK
Junior, WV
Juno Beach, FL
Jupiter, FL
Kalamazoo, MI
Kanawha, IA
Kaneohe, HI
Kankakee, IL
Kansas City, KS
Kansas City, MO
Kaysville, UT
Kearney, NE
Keene, NH
Keller, TX
Kelly USA, TX
Kenilworth, NJ
Kennebunk, ME
Kennedy Space Center, FL
Kennesaw, GA
Kennett Square, PA
Kenosha, WI
Kent, OH
Kentucky, AR
Ketchikan, AK
Kilkenny, NC
King of Prussia, PA
Kings Point, FL
Kingsport, TN
Kingston, RI
Kingstowne, VA
Kingstree, SC
Kissimmee, FL
Kittery, ME
Knox, IN
Knoxville, TN
Kohler, WI
Kunia, HI
Kïhei, HI
La Crosse, WI
La Farge, WI
La Grange, IL
La Grange, KY
La Jolla, CA
La Vergne, TN
La Vista, NE
Ladue, MO
Lafayette Hill, PA
Lafayette, CO
Lafayette, IN
Lafayette, LA
Laguna Hills, CA
Lake Bluff, IL
Lake Buena Vista, FL
Lake Charles, LA
Lake Forest, CA
Lake Forest, IL
Lake Mary, FL
Lake Oswego, OR
Lake Spring, MO
Lake Success, NY
Lake Worth, FL
Lake Zurich, IL
Lakeland, FL
Lakeside, Clay, FL
Lakeville, MN
Lakewood, CO
Lakewood, NJ
Lambertville, NJ
Lamoni, IA
Lancaster, PA
Lancaster, SC
Landover, MD
Langley AFB, VA
Langley, VA
Lanham, MD
Lansdale, PA
Lansing, MI
Laplace, LA
Laredo, TX
Largo, FL
Largo, MD
Las Cruces, NM
Las Vegas, NV
Lathrup Village, Oakland, MI
Lauderdale Lakes, FL
Laurel, MD
Lawrence, KS
Lawrence, MA
Lawrence, NJ
Lawrenceburg, IN
Lawrenceville, GA
Lawrenceville, NJ
Lawton, OK
Layton, UT
Leawood, KS
Lebanon, IN
Lebanon, NH
Lebanon, NJ
Lebanon, TN
Lees Summit, MO
Leesburg, VA
Leesport, PA
Lehi, UT
Leipsig, WI
Lemont, IL
Lemoyne, PA
Lenexa, KS
Lenoir, NC
Levittown, PA
Lewes, DE
Lewis Center, OH
Lewisburg, PA
Lewisburg, TN
Lewisport, KY
Lewiston, ME
Lewisville, TX
Lexington Park, MD
Lexington, KY
Lexington, MA
Lexington, SC
Lexington-Fayette, KY
Liberty Corner, ME
Liberty Corner, NJ
Liberty Township, OH
Liberty, Bingham, ID
Liberty, MO
Liberty, SC
Lima, OH
Limestone, ME
Lincoln, AL
Lincoln, NE
Lincoln, RI
Lincolnshire, IL
Lindon, UT
Linthicum Heights, MD
Linthicum, MD
Lisle, IL
Lithia Springs, GA
Lithonia, GA
Little America, NY
Little Rock AFB, AR
Little Rock, AR
Littleton, CO
Livermore, CA
Livingston, NJ
Livonia, MI
Location, WV
Logan, UT
Loma Linda, CA
Lombard, IL
London, KY
Londonderry, NH
Lone Tree, CO
Long Beach, CA
Long Island City, NY
Longmont, CO
Longwood, FL
Lonoke, AR
Lorain, OH
Loretto, PA
Lorton, VA
Los Alamos, NM
Los Angeles, CA
Los Gatos, CA
Louisville, CO
Louisville, KY
Loveland, CO
Loveland, OH
Lowell, AR
Lowell, MA
Lubbock, TX
Lucas, IA
Lutz, FL
Lynchburg, VA
Lyndhurst, NJ
Lynn, MA
Macdill AFB, FL
Macon, GA
Madison Heights, MI
Madison, AL
Madison, CT
Madison, NJ
Madison, WI
Madisonville, KY
Magna, UT
Mahwah, NJ
Mainland, PA
Maitland, FL
Makawao, HI
Malvern, AR
Malvern, PA
Manassas, VA
Manchester, CT
Manchester, NH
Mandeville, LA
Manhattan Beach, CA
Manhattan, KS
Manila, AR
Manitowoc, WI
Mansfield Center, CT
Maple Grove, MN
Maple Shade, NJ
Maplewood, MN
Marietta, GA
Marina del Rey, CA
Marinette, WI
Marion, IN
Marlborough, MA
Marly, TX
Marshall, TX
Marshfield, WI
Martin, TN
Martinsville, VA
Maryland Heights, MO
Maryland, NJ
Maryland, St. Mary, LA
Marysville, OH
Maryville, TN
Mason, OH
Maui Meadows, HI
Mauldin, SC
Maumee, OH
Maumelle, AR
Maury City, TN
Mayetta, KS
Mayfield Heights, Cuyahoga, OH
Mayfield, OH
Mayport, FL
Mc Lean, VA
McDonough, GA
McIntyre Building Condominium, UT
McKinney, TX
McLean, VA
McMurray, PA
McPherson, KS
Mead, CO
Mechanicsburg, PA
Medfield, MA
Medford, MA
Medford, OR
Media, PA
Medina, MN
Medina, OH
Medway, MA
Mehr, MS
Melbourne, FL
Melrose Park, IL
Memphis, TN
Mendota Heights, Dakota County, MN
Menlo Park, CA
Menomonee Falls, WI
Mequon, WI
Mercury, NV
Meriden, CT
Meridian, ID
Meridian, MS
Merrifield, VA
Merrill, WI
Merrillville, IN
Merrimack, NH
Mesa, AZ
Mesquite, TX
Metairie, LA
Methuen, MA
Mettawa, IL
Metuchen, NJ
Miami Beach, FL
Miami Lakes, FL
Miami, FL
Middle River, MD
Middleburg, FL
Middleburg, VA
Middlebury, CT
Middlebury, VT
Middlesex, NJ
Middleton, WI
Middletown, CT
Middletown, PA
Midland, MI
Midland, TX
Midlothian, VA
Midvale, UT
Milan, IL
Milan, TN
Milano, TX
Milford, CT
Milford, IA
Milford, IN
Milford, MA
Milford, MI
Milford, OH
Mill Valley, CA
Milledgeville, GA
Millersburg, OH
Millington, TN
Milpitas, CA
Milton, FL
Milton, MA
Milwaukee, WI
Milwaukie, OR
Minden, NV
Mingo Junction, OH
Minneapolis, KS
Minneapolis, MN
Minnetonka Beach, MN
Minnetonka, MN
Miramar, FL
Mishawaka, IN
Mission, KS
Mission, TX
Missoula, MT
Missouri City, MO
Missouri City, TX
Mobile, AL
Modesto, CA
Moline, IL
Monaco, CA
Monett, MO
Monmouth Junction, NJ
Monroe, LA
Monroe, WI
Monroeville, AL
Monroeville, PA
Mont Belvieu, TX
Monterey Park, CA
Monterey, CA
Montevallo, AL
Montevideo, MN
Montgomery Village, MD
Montgomery, AL
Montpelier, VT
Montrose, CO
Montvale, NJ
Montz, LA
Moon Township, PA
Moorestown, NJ
Mooresville, NC
Moorhead, MN
Morenci, AZ
Morgantown, WV
Morrilton, AR
Morris Plains, NJ
Morristown, NJ
Morristown, TN
Morrisville, NC
Morrisville, PA
Morton Grove, IL
Morton, IL
Mosby, MO
Mossville, IL
Mounds View, MN
Mount Laurel, NJ
Mount Olive, NC
Mount Olive, NJ
Mount Pleasant, MI
Mount Vernon, IN
Mount Vernon, KY
Mountain Lakes, Morris, NJ
Mountain View, CA
Mulberry, FL
Muncie, IN
Murfreesboro, TN
Murray, UT
Muscatine, IA
Myrtle Beach, SC
Myrtle Point, OR
Nampa, ID
Naperville, IL
Naples, FL
Nashua, IA
Nashua, NH
Nashville, TN
Natchitoches, LA
Natick, MA
Navarre, FL
Navasota, TX
Need More, MO
Needham, MA
Neenah, WI
Nellis AFB, NV
Netherlands, MO
New Albany, IN
New Albany, OH
New Bedford, MA
New Berlin, WI
New Braunfels, TX
New Bremen, OH
New Brighton, MN
New Britain, CT
New Brunswick, NJ
New Canaan, CT
New Canada, ME
New Castle, DE
New Chicago, CA
New Hampshire, OH
New Hampton, NH
New Haven, CT
New Holland, PA
New Hope, MN
New Hope, PA
New Hyde Park, NY
New London, CT
New London, NH
New Orleans, LA
New Port Richey, FL
New Portsmouth, NH
New Providence, NJ
New York, NY
New York, TX
Newark, CA
Newark, DE
Newark, NJ
Newark, OH
Newington, CT
Newington, NH
Newnan, GA
Newport Beach, CA
Newport News, VA
Newport, KY
Newton, GA
Newton, KS
Newton, MA
Newtown Square, PA
Newtown, CT
Niceville, FL
Nicholasville, KY
Niles, IL
Niwot, CO
Noblesville, IN
Nogales, AZ
Norcross, GA
Norfolk, CO
Norfolk, VA
Norman, OK
Norristown, PA
North Alabama Junction, AL
North Andover, MA
North Augusta, SC
North Bergen, NJ
North Berwick, ME
North Brunswick, NJ
North Charleston, SC
North Chesterfield, VA
North Chicago, IL
North Haven, CT
North Hickory, NC
North Jay, ME
North Kansas City, MO
North Las Vegas, NV
North Little Rock, AR
North Logan, UT
North Manchester, IN
North Olmsted, OH
North Palm Beach, FL
North Point, NC
North Quincy, MA
North Reading, MA
North Salt Lake, UT
North Wales, PA
North Washington, CO
North Wilkesboro, NC
Northbrook, IL
Northfield, IL
Northfield, VT
Northford, CT
Northridge, CA
Northville, MI
Northwood, OH
Norwalk, CT
Norwood, MA
Notre Dame, IN
Novato, CA
Novi, MI
O Fallon, MO
O'Fallon, IL
O'Fallon, MO
Oak Brook, IL
Oak Creek, WI
Oak Ridge, TN
Oakbrook Terrace, IL
Oakdale, MN
Oakland, CA
Oakland, MI
Oakwood, OH
Oberlin, OH
Ocala, FL
Oconomowoc, WI
Odon, IN
Ogden, UT
Oklahoma City, OK
Oklahoma, Clearfield, PA
Olathe, KS
Oldsmar, FL
Omaha, NE
Onalaska, WI
Ontario, CA
Orange Park, FL
Orange, CA
Orange, CT
Orangeburg, SC
Orem, UT
Orlando, FL
Ormond Beach, FL
Oro Valley, AZ
Osaka, VA
Oshkosh, WI
Ottawa, IL
Ottawa, PA
Overland Park, KS
Overland, MO
Owatonna, MN
Owensboro, KY
Owings Mills, MD
Oxford, MS
Oxford, OH
Ozark, AR
Paducah, KY
Pahrump, NV
Painesville, OH
Palatine, IL
Palm Bay, FL
Palm Beach Gardens, FL
Palm Harbor, FL
Palm Springs, FL
Palmdale, CA
Palmyra, NJ
Palo Alto, CA
Panama City, FL
Paradise, NV
Paramus, NJ
Paris, KY
Paris, TX
Park City, UT
Parker, CO
Parkersburg, WV
Parkville, MD
Parkville, MO
Parnassus, VA
Parsippany, NJ
Pasadena Hills, MO
Pasadena, CA
Pasadena, TX
Pascagoula, MS
Paterson, NJ
Patrick AFB, FL
Patuxent River, MD
Patuxent, Anne Arundel, MD
Paulsboro, NJ
Pawtucket, RI
Peachtree City, GA
Peapack, NJ
Pearl Harbor, HI
Pearland, TX
Pella, IA
Pembroke Pines, FL
Pembroke, NH
Pennington, NJ
Pennsauken, NJ
Pennsylvania, AL
Pensacola, FL
Peoria, IL
Perrysburg, OH
Perryville, KY
Petersburg, VA
Peterson AFB, CO
Pewaukee, WI
Pharr, TX
Philadelphia, MO
Philadelphia, MS
Philadelphia, PA
Philadelphia, TN
Phoenix, AZ
Picatinny Arsenal, NJ
Pickerington, OH
Piedmont, SC
Pine Bluff, AR
Pine Ridge, SD
Pinehurst, NC
Pinellas Park, FL
Piney Flats, TN
Piscataway, MD
Piscataway, NJ
Pittsburg, KS
Pittsburgh, PA
Plainfield, IN
Plainsboro, NJ
Plainville, CT
Plano, TX
Plant City, FL
Plantation, FL
Plaquemine, LA
Platteville, WI
Pleasant Grove, UT
Pleasant Prairie, WI
Pleasanton, CA
Plymouth Meeting, PA
Plymouth, IL
Plymouth, MN
Plymouth, WI
Pocatello, ID
Polk, PA
Pompano Beach, FL
Pontiac, MI
Port Hueneme, CA
Port Saint Lucie, FL
Port Washington, NY
Portage, MI
Portland, ME
Portland, OR
Portland, TX
Portsmouth, NH
Portsmouth, RI
Portsmouth, VA
Pottstown, PA
Powhatan, VA
Pratt, KS
Prescott, AZ
Presque Isle, ME
Preston, MD
Pretty Pr, KS
Princess Anne, MD
Princeton, NJ
Prospect Heights, IL
Providence, RI
Provo, UT
Pueblo, CO
Pulaski, TN
Quantico, VA
Quincy, MA
Racine, WI
Radcliff, KY
Radnor, PA
Raleigh, NC
Ramsey, NJ
Rancho Cordova, CA
Rancho Cucamonga, CA
Rapid City, SD
Raritan, NJ
Raymond, OH
Reading, PA
Red Bank, NJ
Redlands, CA
Redmond, OR
Redondo Beach, CA
Redwood City, CA
Rego Park, NY
Rembrandt, IA
Remote, OR
Reno, NV
Reno-Stead, NV
Research Triangle Park, NC
Reston, VA
Reynoldsburg, OH
Rheems, PA
Rhodes, IA
Richardson, TX
Richfield, CO
Richfield, ID
Richfield, MN
Richfield, OH
Richland Center, WI
Richmond, IN
Richmond, VA
Ridgefield, CT
Ridley Park, PA
Rio Rancho, NM
River Forest, IL
Riverside, CA
Riverton, UT
Riverwoods, IL
Roanoke, IN
Roanoke, VA
Robins AFB, GA
Rochester, MN
Rochester, NH
Rock Falls, WI
Rock Hill, SC
Rock Island, IL
Rockford, IL
Rockhill Furnace, PA
Rockledge, FL
Rockleigh, NJ
Rockville Centre, NY
Rockville, MD
Rocky Hill, CT
Rocky Mount, NC
Rogers, AR
Rohnert Park, CA
Roles Inn of America, AZ
Rolla, MO
Rolling Meadows, IL
Roma, TX
Roscoe, IL
Rose Hill, KS
Roseburg, OR
Rosedale, IN
Roseland, NJ
Rosemead, CA
Rosemont, IL
Rosemont, San Diego, CA
Roseville, CA
Roseville, MN
Rosslyn, VA
Roswell, GA
Roswell, NM
Round Lake, IL
Round Rock, TX
Rowayton, CT
Roxboro, NC
Roy, UT
Russells Point, OH
Russellville, AR
Ruston, LA
Rutland, VT
Sac City, IA
Sacaton, AZ
Sacramento, CA
Saddle Brook, NJ
Saginaw, MI
Saint Albans, VT
Saint Andrews, Charleston, SC
Saint Ann, MO
Saint Charles, MO
Saint Cloud, MN
Saint Denis, KY
Saint George, UT
Saint Joseph, MI
Saint Joseph, MO
Saint Louis Park, MN
Saint Louis, MO
Saint Marys City, MD
Saint Paul, MN
Saint Peters, MO
Saint Petersburg, FL
Saint Thomas, ND
Salem, NH
Salem, OR
Sales Place, WY
Salisbury, MD
Salt Lake City, UT
Saltillo, MS
San Antonio, TX
San Bernardino, CA
San Bruno, CA
San Carlos, CA
San Diego, CA
San Diego, TX
San Francisco, CA
San Jose, CA
San Leandro, CA
San Luis Obispo, CA
San Marcos, TX
San Mateo, CA
San Rafael, CA
San Ramon, CA
Sandusky, OH
Sandy Springs, Fulton, GA
Sandy, UT
Santa Ana Pueblo, NM
Santa Ana, CA
Santa Barbara, CA
Santa Clara, CA
Santa Cruz, CA
Santa Fe, NM
Santa Monica, CA
Santa Rosa, CA
Sarasota, FL
Sargent, NE
Savannah, GA
Sayner, WI
Sayre, PA
Scarborough, ME
Schaumburg, IL
Schiller Park, IL
Schofield, WI
Schriever AFB, CO
Scott AFB, IL
Scott Air Force Base, IL
Scott, LA
Scotts Valley, CA
Scottsboro, AL
Scottsdale, AZ
Seabrook, NH
Searcy, AR
Seaside, CA
Secaucus, NJ
Seneca, SC
Seven Hills, OH
Shakopee, MN
Shalimar, FL
Shaw AFB, SC
Shawnee Mission, KS
Shawnee, KS
Sheboygan Falls, WI
Sheboygan, WI
Shelby Township, MI
Shelby, MI
Shelbyville, KY
Shelton, CT
Sherwood Park, AL
Sherwood, AR
Shiloh, IL
Shippensburg, PA
Shreveport, LA
Shrewsbury, MA
Sierra Vista, AZ
Siloam Springs, AR
Silver Spring, MD
Simi Valley, CA
Simpsonville, SC
Sioux Center, IA
Sioux City, IA
Sioux Falls, SD
Skokie, IL
Slidell, LA
Smithfield, RI
Smyrna, DE
Smyrna, GA
Smyrna, TN
Social Circle, GA
Soda Springs, ID
Solon, OH
Somerset, NJ
Somerville, MA
Somerville, NJ
South Amboy, NJ
South Bend, IN
South Holland, IL
South Jordan, UT
South Kingstown, RI
South Plainfield, NJ
South Portland, ME
South San Francisco, CA
South Sumter, SC
South Weymouth, MA
South Windsor, CT
Southborough, MA
Southbury, CT
Southfield, MI
Southington, CT
Southlake, TX
Southport, NC
Spanish Fork, UT
Sparks Glencoe, MD
Sparks, MD
Sparks, NV
Spartanburg, SC
Spirit Lake, IA
Spring House, PA
Spring, TX
Springdale, AR
Springdale, OH
Springfield, IL
Springfield, MA
Springfield, MO
Springfield, OR
Springfield, PA
Springfield, VA
Springfield, VT
Stafford, CT
Stafford, TX
Stafford, VA
Stamford, CT
Stanford, CA
Stanton, TX
State College, PA
Staten Island, NY
Statesville, NC
Staunton, VA
Steamboat Springs, CO
Stennis Space Center, MS
Sterling Heights, MI
Sterling, VA
Stevens Point, WI
Stillwater, OK
Stilwell, KS
Stockholm, ME
Stone Mountain, GA
Storrs Mansfield, CT
Storrs, CT
Stoughton, MA
Stoughton, WI
Stow, OH
Stratford, CT
Stratham, NH
Streamwood, IL
Strongsville, OH
Stuart, FL
Sturtevant, WI
Stuttgart, AR
Suffield, CT
Suffolk, VA
Sugar Land, TX
Suitland, MD
Summerville, SC
Summit, NJ
Sumter, SC
Sun City, AZ
Sun Prairie, WI
Sun Tech, AZ
Sunnyvale, CA
Sunnyvale, CO
Sunrise, FL
Superior, WI
Surry Hills, VA
Suwanee, GA
Swiftwater, PA
Switzerland, SC
Tallahassee, FL
Tamarac, FL
Tampa, FL
Tampa, KS
Taylor, MI
Tea, SD
Telford, PA
Temecula, CA
Tempe, AZ
Temple Terrace, FL
Temple, TX
Terre Haute, IN
Teterboro, NJ
Tewksbury, MA
Texas, AL
Texas, GA
The Colony, TX
The Woodlands, TX
Thibodaux, LA
Thomasville, GA
Thomasville, NC
Thornton, CO
Thorofare, NJ
Thousand Oaks, CA
Tifton, GA
Tigard, OR
Tilton, NH
Timmonsville, SC
Tinley Park, IL
Tippecanoe, IN
Tipperary, MO
Titusville, FL
Titusville, NJ
Toledo, OH
Topeka, KS
Torino, IL
Torrance, CA
Town and Country, MO
Towson, MD
Traverse City, MI
Trenton, NJ
Trenton, OH
Trevose, PA
Treynor, IA
Trinity, NC
Tripler Army Medical Center, HI
Troy Hills, NJ
Troy, MI
Troy, VA
Trumbull, CT
Tualatin, OR
Tuckahoe, NY
Tucker, GA
Tucson, AZ
Tullahoma, TN
Tulsa, OK
Tuscaloosa, AL
Tustin, CA
Twin Falls, ID
Twin Valley, MN
Twinsburg, OH
Tyler, TX
Tyson's Corner, Fairfax, VA
Tysons, VA
US Air Force, CO
Ulm, MT
Union City, TN
Union, NJ
Uniontown, OH
United States
United States Air Force Acad, CO
University Park, PA
University, MS
Upper Providence, PA
Upper Saddle River, NJ
Urbana, IL
Urbana, MD
Urbandale, IA
Uxbridge, MA
Vail, CO
Valdosta, GA
Valencia, CA
Valley Forge, PA
Valley View, OH
Valmy, NV
Van Buren, AR
Van Nuys, IN
Ventura, CA
Vernon Hills, IL
Vernon, CA
Vernon, CT
Vernon, IN
Vero Beach, FL
Versailles, KY
Vicksburg, MS
Vienna, LA
Vienna, VA
Villanova, PA
Vineyard, UT
Vinita Park, MO
Virginia Beach, VA
Wake Forest, NC
Wakefield, MA
Waldorf, MD
Walker, MI
Walkersville, MD
Wall, NJ
Wallingford, CT
Walnut Creek, CA
Waltham, MA
Warminster, PA
Warner Robins, GA
Warren, MI
Warren, NJ
Warrendale, PA
Warrenton, VA
Warrenville, IL
Warrington, PA
Warsaw, IN
Washington, CT
Washington, DC
Washington, MO
Washington, PA
Waterbury, CT
Waterbury, VT
Waterloo, IA
Watertown, MA
Waterville, ME
Watsonville, CA
Waukee, IA
Waukesha, WI
Waunakee, WI
Waupaca, WI
Wausau, WI
Wauwatosa, WI
Waverly, IA
Waverly, PA
Wayne, NJ
Wayne, PA
Waynesboro, GA
Wayzata, MN
Webster Groves, St. Louis, MO
Webster, MA
Webster, TX
Weehawken, NJ
Weldon Spring, MO
Wellesley Hills, MA
Wellesley, MA
Wesley Chapel, FL
West Allis, WI
West Caldwell, NJ
West Carrollton, OH
West Chester, OH
West Chester, PA
West Chicago, IL
West Columbia, SC
West Des Moines, IA
West Greenwich, RI
West Hartford, CT
West Hills, CA
West Hollywood, CA
West Huntington, WV
West Jordan, UT
West Lafayette, IN
West McLean, VA
West Monroe, LA
West Palm Beach, FL
West Point, MS
West Point, PA
West Sacramento, CA
West Springfield, MA
West Valley City, UT
Westborough, MA
Westbrook, CT
Westbrook, ME
Westerville, OH
Westfield, IN
Westford, MA
Westlake, OH
Westlake, TX
Westminster, CO
Westminster, MD
Westmont, IL
Weston, FL
Weston, MA
Westport, CT
Westwood, CA
Westwood, MA
Wethersfield, CT
Wexford, PA
Wheat Ridge, CO
Wheaton, IL
Wheaton, MD
Whippany, NJ
White Marsh, MD
White River Junction, VT
Whitefield, ME
Whitehouse Station, NJ
Whitestown, IN
Whitewater, WI
Whitsett, NC
Wichita, KS
Wien, WI
Wilkes-Barre, PA
Williamsburg, IA
Willowbrook, IL
Wilmington, DE
Wilmington, NC
Wilson, NC
Wilsonville, OR
Wilton, CT
Wilton, KY
Winchester, KY
Winchester, VA
Winder, GA
Windfall, IN
Windham, ME
Windham, NH
Windsor Locks, CT
Windsor Mill, MD
Windsor, CT
Windsor, PA
Winston-Salem, NC
Winter Garden, FL
Winter Park, CO
Winter Park, FL
Winter Springs, FL
Winterville, MS
Wiscasset, ME
Wisconsin Dells, WI
Wisconsin Rapids, WI
Woburn, MA
Wood Dale, IL
Woodbridge, NJ
Woodbury, MN
Woodcliff Lake, NJ
Woodland Hills, CA
Woodland Hills, UT
Woodland Park, NJ
Woodland, CA
Woodlawn, MD
Woods Cross, UT
Woodstock, AL
Woonsocket, RI
Worcester, MA
Worthington, OH
Wright Patterson AFB, OH
Wrightstown, WI
Wyncote, PA
Wyoming, MI
Yarmouth, ME
Ybor City, FL
Yonkers, NY
York, ID
York, PA
Yorktown, VA
Young America, MN
Ypsilanti, MI
Yukon, OK
Yuma Proving Ground, AZ
Yuma, AZ
Zeeland, MI
Zionsville, IN
